accession	breed	scientific_name
SAMN02142985	Angus	Bos taurus
SAMN02142982	Angus	Bos taurus
SAMN02142986	Angus	Bos taurus
SAMN02842714	Angus	Bos taurus
SAMN02843152	Angus	Bos taurus
SAMN01915341	Angus	Bos taurus
SAMN01915339	Angus	Bos taurus
SAMN02843141	Angus	Bos taurus
SAMN02843079	Angus	Bos taurus
SAMN02843101	Angus	Bos taurus
SAMN02142989	Angus	Bos taurus
SAMN02843142	Angus	Bos taurus
SAMN02843143	Angus	Bos taurus
SAMN02841106	Angus	Bos taurus
SAMN02142988	Angus	Bos taurus
SAMN01915337	Angus	Bos taurus
SAMN02839607	Angus	Bos taurus
SAMN02843131	Angus	Bos taurus
SAMN02142990	Angus	Bos taurus
SAMN02941168	Angus	Bos taurus
SAMN02841116	Angus	Bos taurus
SAMN02843144	Angus	Bos taurus
SAMN02843145	Angus	Bos taurus
SAMN02842717	Angus	Bos taurus
SAMN02842718	Angus	Bos taurus
SAMN02843054	Angus	Bos taurus
SAMN02843055	Angus	Bos taurus
SAMN02142987	Angus	Bos taurus
SAMN02142983	Angus	Bos taurus
SAMN02142984	Angus	Bos taurus
SAMN02941169	Angus	Bos taurus
SAMN01163917	Angus	Bos taurus
SAMN04978239	Angus	Bos taurus
SAMN04978240	Angus	Bos taurus
SAMN04978241	Angus	Bos taurus
SAMEA4560535	Angus	Bos taurus
SAMEA4560531	Angus	Bos taurus
SAMN04545540	Ankole	Bos taurus
SAMN045455Scottish Highland41	Ankole	Bos taurus
SAMN04545542	Ankole	Bos taurus
SAMN04545543	Ankole	Bos taurus
SAMN04545544	Ankole	Bos taurus
SAMN04545545	Ankole	Bos taurus
SAMN04545546	Ankole	Bos taurus
SAMN04545547	Ankole	Bos taurus
SAMN04545548	Ankole	Bos taurus
SAMN04545549	Ankole	Bos taurus
SAMEA3706827	Aosta Red Pied	Bos taurus
SAMEA3706828	Aosta Red Pied	Bos taurus
SAMEA3706829	Aosta Red Pied	Bos taurus
SAMN04028906	Auroch	Bos primigenius
SAMEA5159851	Australian Lowline	Bos taurus
SAMEA5415491	Belgium Blue	Bos taurus
SAMEA4051548	Belted Galloway	Bos taurus
SAMN01915355	Blonde d'Aquitaine	Bos taurus
SAMEA2065753	Bos taurus x Bos indicus	Bos taurus x Bos indicus;Bos indicus x Bos taurus
SAMEA2065739	Bos taurus x Bos indicus	Bos taurus x Bos indicus;Bos indicus x Bos taurus
SAMEA2065606	Bos taurus x Bos indicus	Bos taurus x Bos indicus;Bos indicus x Bos taurus
SAMEA2065754	Bos taurus x Bos indicus	Bos taurus x Bos indicus;Bos indicus x Bos taurus
SAMEA2065605	Bos taurus x Bos indicus	Bos taurus x Bos indicus;Bos indicus x Bos taurus
SAMEA2065752	Bos taurus x Bos indicus	Bos taurus x Bos indicus;Bos indicus x Bos taurus
SAMEA2065747	Bos taurus x Bos indicus	Bos taurus x Bos indicus;Bos indicus x Bos taurus
SAMEA2065743	Bos taurus x Bos indicus	Bos taurus x Bos indicus;Bos indicus x Bos taurus
SAMEA2065741	Bos taurus x Bos indicus	Bos taurus x Bos indicus;Bos indicus x Bos taurus
SAMEA2065936	Bos taurus x Bos indicus	Bos taurus x Bos indicus;Bos indicus x Bos taurus
SAMEA2065748	Bos taurus x Bos indicus	Bos taurus x Bos indicus;Bos indicus x Bos taurus
SAMEA2065749	Bos taurus x Bos indicus	Bos taurus x Bos indicus;Bos indicus x Bos taurus
SAMEA2065937	Bos taurus x Bos indicus	Bos taurus x Bos indicus;Bos indicus x Bos taurus
SAMEA2065745	Bos taurus x Bos indicus	Bos taurus x Bos indicus;Bos indicus x Bos taurus
SAMEA2065736	Bos taurus x Bos indicus	Bos taurus x Bos indicus;Bos indicus x Bos taurus
SAMEA2065746	Bos taurus x Bos indicus	Bos taurus x Bos indicus;Bos indicus x Bos taurus
SAMEA2065750	Bos taurus x Bos indicus	Bos taurus x Bos indicus;Bos indicus x Bos taurus
SAMEA2065742	Bos taurus x Bos indicus	Bos taurus x Bos indicus;Bos indicus x Bos taurus
SAMEA2065751	Bos taurus x Bos indicus	Bos taurus x Bos indicus;Bos indicus x Bos taurus
SAMEA2065737	Bos taurus x Bos indicus	Bos taurus x Bos indicus;Bos indicus x Bos taurus
SAMEA2065740	Bos taurus x Bos indicus	Bos taurus x Bos indicus;Bos indicus x Bos taurus
SAMEA2065738	Bos taurus x Bos indicus	Bos taurus x Bos indicus;Bos indicus x Bos taurus
SAMEA2065735	Bos taurus x Bos indicus	Bos taurus x Bos indicus;Bos indicus x Bos taurus
SAMEA2065744	Bos taurus x Bos indicus	Bos taurus x Bos indicus;Bos indicus x Bos taurus
SAMEA2065938	Bos taurus x Bos indicus	Bos taurus x Bos indicus;Bos indicus x Bos taurus
SAMEA4644734	Braunvieh	Bos taurus
SAMEA4644764	Braunvieh	Bos taurus
SAMEA5714974	Braunvieh	Bos taurus
SAMEA5159886	Braunvieh	Bos taurus
SAMEA4644749	Braunvieh	Bos taurus
SAMEA4644750	Braunvieh	Bos taurus
SAMEA4644768	Braunvieh	Bos taurus
SAMEA4644741	Braunvieh	Bos taurus
SAMEA5059742	Braunvieh	Bos taurus
SAMEA4644740	Braunvieh	Bos taurus
SAMEA5159849	Braunvieh	Bos taurus
SAMEA5059750	Braunvieh	Bos taurus
SAMEA5059751	Braunvieh	Bos taurus
SAMEA5059759	Braunvieh	Bos taurus
SAMEA5159850	Braunvieh	Bos taurus
SAMEA5059743	Braunvieh	Bos taurus
SAMEA5059754	Braunvieh	Bos taurus
SAMEA5059752	Braunvieh	Bos taurus
SAMEA5059745	Braunvieh	Bos taurus
SAMEA5059757	Braunvieh	Bos taurus
SAMEA5059746	Braunvieh	Bos taurus
SAMEA5059756	Braunvieh	Bos taurus
SAMEA5059744	Braunvieh	Bos taurus
SAMEA5059755	Braunvieh	Bos taurus
SAMEA5059753	Braunvieh	Bos taurus
SAMEA5159848	Braunvieh	Bos taurus
SAMEA4644730	Braunvieh	Bos taurus
SAMEA5159837	Braunvieh	Bos taurus
SAMEA5159843	Braunvieh	Bos taurus
SAMEA5714972	Braunvieh	Bos taurus
SAMEA5714975	Braunvieh	Bos taurus
SAMEA4827645	Braunvieh	Bos taurus
SAMEA5059741	Braunvieh	Bos taurus
SAMEA5059747	Braunvieh	Bos taurus
SAMEA5059748	Braunvieh	Bos taurus
SAMEA5059749	Braunvieh	Bos taurus
SAMEA5059758	Braunvieh	Bos taurus
SAMEA4827646	Braunvieh	Bos taurus
SAMEA4827647	Braunvieh	Bos taurus
SAMEA4827648	Braunvieh	Bos taurus
SAMEA4827649	Braunvieh	Bos taurus
SAMEA4827650	Braunvieh	Bos taurus
SAMEA4827651	Braunvieh	Bos taurus
SAMEA4827652	Braunvieh	Bos taurus
SAMEA4827653	Braunvieh	Bos taurus
SAMEA4827654	Braunvieh	Bos taurus
SAMEA4827655	Braunvieh	Bos taurus
SAMEA4827656	Braunvieh	Bos taurus
SAMEA4827657	Braunvieh	Bos taurus
SAMEA4827658	Braunvieh	Bos taurus
SAMEA4827659	Braunvieh	Bos taurus
SAMEA4827660	Braunvieh	Bos taurus
SAMEA4827661	Braunvieh	Bos taurus
SAMEA4827662	Braunvieh	Bos taurus
SAMEA4827663	Braunvieh	Bos taurus
SAMEA4827664	Braunvieh	Bos taurus
SAMEA4827665	Braunvieh	Bos taurus
SAMEA4827666	Braunvieh	Bos taurus
SAMEA4827667	Braunvieh	Bos taurus
SAMEA4827668	Braunvieh	Bos taurus
SAMEA4827669	Braunvieh	Bos taurus
SAMEA4827670	Braunvieh	Bos taurus
SAMEA4827671	Braunvieh	Bos taurus
SAMEA4827672	Braunvieh	Bos taurus
SAMEA4827673	Braunvieh	Bos taurus
SAMEA4827674	Braunvieh	Bos taurus
SAMEA5564726	Braunvieh	Bos taurus
SAMEA5564727	Braunvieh	Bos taurus
SAMEA6272082	Braunvieh	Bos taurus
SAMEA6272083	Braunvieh	Bos taurus
SAMEA6272084	Braunvieh	Bos taurus
SAMEA6272085	Braunvieh	Bos taurus
SAMEA6272086	Braunvieh	Bos taurus
SAMEA6272087	Braunvieh	Bos taurus
SAMEA6272088	Braunvieh	Bos taurus
SAMEA6272089	Braunvieh	Bos taurus
SAMEA6272090	Braunvieh	Bos taurus
SAMEA6272091	Braunvieh	Bos taurus
SAMEA6272092	Braunvieh	Bos taurus
SAMEA6272093	Braunvieh	Bos taurus
SAMEA6272094	Braunvieh	Bos taurus
SAMEA6272100	Braunvieh	Bos taurus
SAMEA6272102	Braunvieh	Bos taurus
SAMEA6272103	Braunvieh	Bos taurus
SAMEA6272107	Braunvieh	Bos taurus
SAMEA6272109	Braunvieh	Bos taurus
SAMEA6272110	Braunvieh	Bos taurus
SAMEA6272112	Braunvieh	Bos taurus
SAMEA6272113	Braunvieh	Bos taurus
SAMEA6272114	Braunvieh	Bos taurus
SAMEA6272115	Braunvieh	Bos taurus
SAMEA6272117	Braunvieh	Bos taurus
SAMEA6272118	Braunvieh	Bos taurus
SAMEA6272119	Braunvieh	Bos taurus
SAMEA6272120	Braunvieh	Bos taurus
SAMEA6272121	Braunvieh	Bos taurus
SAMEA6272122	Braunvieh	Bos taurus
SAMEA6272123	Braunvieh	Bos taurus
SAMEA6272124	Braunvieh	Bos taurus
SAMEA6272125	Braunvieh	Bos taurus
SAMEA6272126	Braunvieh	Bos taurus
SAMEA6272127	Braunvieh	Bos taurus
SAMEA4644757	Brown Swiss	Bos taurus
SAMEA4644727	Brown Swiss	Bos taurus
SAMEA32997418	Brown Swiss	Bos taurus
SAMEA32981668	Brown Swiss	Bos taurus
SAMEA5714976	Brown Swiss	Bos taurus
SAMEA6163185	Brown Swiss	Bos taurus
SAMEA6163192	Brown Swiss	Bos taurus
SAMEA5159847	Brown Swiss	Bos taurus
SAMEA4644728	Brown Swiss	Bos taurus
SAMEA32982418	Brown Swiss	Bos taurus
SAMEA4644762	Brown Swiss	Bos taurus
SAMEA4644739	Brown Swiss	Bos taurus
SAMEA4644755	Brown Swiss	Bos taurus
SAMEA6163195	Brown Swiss	Bos taurus
SAMEA4644763	Brown Swiss	Bos taurus
SAMEA4644766	Brown Swiss	Bos taurus
SAMEA6163189	Brown Swiss	Bos taurus
SAMEA5714979	Brown Swiss	Bos taurus
SAMEA4644769	Brown Swiss	Bos taurus
SAMEA4644754	Brown Swiss	Bos taurus
SAMEA5159853	Brown Swiss	Bos taurus
SAMEA6163187	Brown Swiss	Bos taurus
SAMEA6163193	Brown Swiss	Bos taurus
SAMEA4644765	Brown Swiss	Bos taurus
SAMEA5714971	Brown Swiss	Bos taurus
SAMEA4644743	Brown Swiss	Bos taurus
SAMEA5159875	Brown Swiss	Bos taurus
SAMEA4644758	Brown Swiss	Bos taurus
SAMEA5159861	Brown Swiss	Bos taurus
SAMEA4644742	Brown Swiss	Bos taurus
SAMEA32980918	Brown Swiss	Bos taurus
SAMEA5159867	Brown Swiss	Bos taurus
SAMEA5159869	Brown Swiss	Bos taurus
SAMEA5159870	Brown Swiss	Bos taurus
SAMEA5159872	Brown Swiss	Bos taurus
SAMEA5159873	Brown Swiss	Bos taurus
SAMEA4644756	Brown Swiss	Bos taurus
SAMEA5159871	Brown Swiss	Bos taurus
SAMEA5159868	Brown Swiss	Bos taurus
SAMEA6163199	Brown Swiss	Bos taurus
SAMEA5159874	Brown Swiss	Bos taurus
SAMEA5159865	Brown Swiss	Bos taurus
SAMEA5159863	Brown Swiss	Bos taurus
SAMEA5159866	Brown Swiss	Bos taurus
SAMEA4644735	Brown Swiss	Bos taurus
SAMEA5159864	Brown Swiss	Bos taurus
SAMEA19312918	Brown Swiss	Bos taurus
SAMEA19313668	Brown Swiss	Bos taurus
SAMEA19314418	Brown Swiss	Bos taurus
SAMEA19315168	Brown Swiss	Bos taurus
SAMEA19318918	Brown Swiss	Bos taurus
SAMEA19323418	Brown Swiss	Bos taurus
SAMEA19847668	Brown Swiss	Bos taurus
SAMEA19850668	Brown Swiss	Bos taurus
SAMEA19864918	Brown Swiss	Bos taurus
SAMEA4051550	Brown Swiss	Bos taurus
SAMEA4560541	Brown Swiss	Bos taurus
SAMEA5415485	Brown Swiss	Bos taurus
SAMEA5415486	Brown Swiss	Bos taurus
SAMEA5415488	Brown Swiss	Bos taurus
SAMEA5415490	Brown Swiss	Bos taurus
SAMEA5415498	Brown Swiss	Bos taurus
SAMEA6163175	Brown Swiss	Bos taurus
SAMEA6163176	Brown Swiss	Bos taurus
SAMEA6163177	Brown Swiss	Bos taurus
SAMEA6163178	Brown Swiss	Bos taurus
SAMEA6163179	Brown Swiss	Bos taurus
SAMEA6163180	Brown Swiss	Bos taurus
SAMEA6163181	Brown Swiss	Bos taurus
SAMEA6163182	Brown Swiss	Bos taurus
SAMEA6163183	Brown Swiss	Bos taurus
SAMEA6163184	Brown Swiss	Bos taurus
SAMEA6163186	Brown Swiss	Bos taurus
SAMEA6163188	Brown Swiss	Bos taurus
SAMEA6163190	Brown Swiss	Bos taurus
SAMEA6163191	Brown Swiss	Bos taurus
SAMEA6163194	Brown Swiss	Bos taurus
SAMEA6163196	Brown Swiss	Bos taurus
SAMEA6163197	Brown Swiss	Bos taurus
SAMEA6163198	Brown Swiss	Bos taurus
SAMEA6272095	Brown Swiss	Bos taurus
SAMEA6272096	Brown Swiss	Bos taurus
SAMEA6272097	Brown Swiss	Bos taurus
SAMEA6272098	Brown Swiss	Bos taurus
SAMEA6272099	Brown Swiss	Bos taurus
SAMEA6272101	Brown Swiss	Bos taurus
SAMEA6272104	Brown Swiss	Bos taurus
SAMEA6272105	Brown Swiss	Bos taurus
SAMEA6272106	Brown Swiss	Bos taurus
SAMEA6272108	Brown Swiss	Bos taurus
SAMEA6272111	Brown Swiss	Bos taurus
SAMEA6272116	Brown Swiss	Bos taurus
SAMN02842704	Charolais	Bos taurus
SAMN02842705	Charolais	Bos taurus
SAMN02941176	Charolais	Bos taurus
SAMN02941177	Charolais	Bos taurus
SAMN02842706	Charolais	Bos taurus
SAMN02843108	Charolais	Bos taurus
SAMN02839608	Charolais	Bos taurus
SAMN02843066	Charolais	Bos taurus
SAMN02843056	Charolais	Bos taurus
SAMN02941178	Charolais	Bos taurus
SAMN02842715	Charolais	Bos taurus
SAMN02843058	Charolais	Bos taurus
SAMN02842700	Charolais	Bos taurus
SAMN02839609	Charolais	Bos taurus
SAMN01915352	Charolais	Bos taurus
SAMN02839610	Charolais	Bos taurus
SAMN02839611	Charolais	Bos taurus
SAMN02142992	Charolais	Bos taurus
SAMN02843123	Charolais	Bos taurus
SAMN02142993	Charolais	Bos taurus
SAMN02142991	Charolais	Bos taurus
SAMN02142994	Charolais	Bos taurus
SAMN02142995	Charolais	Bos taurus
SAMEA2821387	Charolais	Bos taurus
SAMEA33668668	Chianina	Bos taurus
SAMEA32999668	Chianina	Bos taurus
SAMEA32998168	Chianina	Bos taurus
SAMN02843115	Composite	Bos taurus
SAMN02843116	Composite	Bos taurus
SAMN02843117	Composite	Bos taurus
SAMN02843118	Composite	Bos taurus
SAMN02843119	Composite	Bos taurus
SAMN02842697	Composite	Bos taurus
SAMN02843146	Composite	Bos taurus
SAMN02842713	Composite	Bos taurus
SAMN02843104	Composite	Bos taurus
SAMN02841104	Composite	Bos taurus
SAMN02843105	Composite	Bos taurus
SAMN02842698	Composite	Bos taurus
SAMN02842699	Composite	Bos taurus
SAMN02843106	Composite	Bos taurus
SAMN02842703	Composite	Bos taurus
SAMN02843107	Composite	Bos taurus
SAMN02842719	Composite	Bos taurus
SAMN02842720	Composite	Bos taurus
SAMN02843057	Composite	Bos taurus
SAMN02841105	Devon	Bos taurus
SAMEA4827182	Eastern Finncattle	Bos taurus
SAMEA4827183	Eastern Finncattle	Bos taurus
SAMEA4827184	Eastern Finncattle	Bos taurus
SAMEA4827185	Eastern Finncattle	Bos taurus
SAMEA4827186	Eastern Finncattle	Bos taurus
SAMEA5714967	Eringer	Bos taurus
SAMEA19849168	Eringer	Bos taurus
SAMEA4560538	Eringer	Bos taurus
SAMEA5714968	Évolène	Bos taurus
SAMEA5714969	Évolène	Bos taurus
SAMEA6272128	Fleckvieh	Bos taurus
SAMEA6272129	Fleckvieh	Bos taurus
SAMEA6272132	Fleckvieh	Bos taurus
SAMEA6272133	Fleckvieh	Bos taurus
SAMEA6272134	Fleckvieh	Bos taurus
SAMEA4051549	Galloway	Bos taurus
SAMN02842707	Gelbvieh	Bos taurus
SAMN02843150	Gelbvieh	Bos taurus
SAMN02843153	Gelbvieh	Bos taurus
SAMN02843059	Gelbvieh	Bos taurus
SAMN02843062	Gelbvieh	Bos taurus
SAMN02841107	Gelbvieh	Bos taurus
SAMN02839600	Gelbvieh	Bos taurus
SAMN02843070	Gelbvieh	Bos taurus
SAMN02839601	Gelbvieh	Bos taurus
SAMN02843075	Gelbvieh	Bos taurus
SAMN02843088	Gelbvieh	Bos taurus
SAMN02843071	Gelbvieh	Bos taurus
SAMN02843076	Gelbvieh	Bos taurus
SAMN02843077	Gelbvieh	Bos taurus
SAMN02843089	Gelbvieh	Bos taurus
SAMN02843072	Gelbvieh	Bos taurus
SAMN02839602	Gelbvieh	Bos taurus
SAMN02839603	Gelbvieh	Bos taurus
SAMN02839604	Gelbvieh	Bos taurus
SAMN02843073	Gelbvieh	Bos taurus
SAMN03839032	Hanwoo	Bos taurus
SAMN02843132	Hereford	Bos taurus
SAMN02843090	Hereford	Bos taurus
SAMN02843091	Hereford	Bos taurus
SAMN02843109	Hereford	Bos taurus
SAMN02843097	Hereford	Bos taurus
SAMN02843133	Hereford	Bos taurus
SAMN02841108	Hereford	Bos taurus
SAMN02843068	Hereford	Bos taurus
SAMN02843092	Hereford	Bos taurus
SAMN02843098	Hereford	Bos taurus
SAMN02843134	Hereford	Bos taurus
SAMN02142997	Hereford	Bos taurus
SAMN02843111	Hereford	Bos taurus
SAMN02843112	Hereford	Bos taurus
SAMN01915353	Hereford	Bos taurus
SAMN02843113	Hereford	Bos taurus
SAMN02843099	Hereford	Bos taurus
SAMN02839605	Hereford	Bos taurus
SAMN02841111	Hereford	Bos taurus
SAMN02841112	Hereford	Bos taurus
SAMN02841113	Hereford	Bos taurus
SAMN02839606	Hereford	Bos taurus
SAMN02842709	Hereford	Bos taurus
SAMN02842710	Hereford	Bos taurus
SAMN02142996	Hereford	Bos taurus
SAMN02841114	Hereford	Bos taurus
SAMN02841115	Hereford	Bos taurus
SAMN02843135	Hereford	Bos taurus
SAMN02843093	Hereford	Bos taurus
SAMN02143002	Hereford	Bos taurus
SAMN02143004	Hereford	Bos taurus
SAMN02143003	Hereford	Bos taurus
SAMN10598556	Hereford	Bos taurus
SAMN10598557	Hereford	Bos taurus
SAMN10598558	Hereford	Bos taurus
SAMN10598559	Hereford	Bos taurus
SAMN10598560	Hereford	Bos taurus
SAMN10598561	Hereford	Bos taurus
SAMN10598562	Hereford	Bos taurus
SAMN10598563	Hereford	Bos taurus
SAMN10598564	Hereford	Bos taurus
SAMN10598565	Hereford	Bos taurus
SAMN10598566	Hereford	Bos taurus
SAMN10598567	Hereford	Bos taurus
SAMN10598569	Hereford	Bos taurus
SAMN10598570	Hereford	Bos taurus
SAMN10598573	Hereford	Bos taurus
SAMN10598574	Hereford	Bos taurus
SAMN10598576	Hereford	Bos taurus
SAMN05217649	Hereford	Bos taurus
SAMN03465694	Hereford	Bos taurus
SAMEA2821386	Hereford	Bos taurus
SAMEA19848418	Holstein	Bos taurus
SAMN09519608	Holstein	Bos taurus
SAMN09519607	Holstein	Bos taurus
SAMN09519616	Holstein	Bos taurus
SAMN09519617	Holstein	Bos taurus
SAMN09519623	Holstein	Bos taurus
SAMN09519621	Holstein	Bos taurus
SAMN09519624	Holstein	Bos taurus
SAMN09519604	Holstein	Bos taurus
SAMN09519618	Holstein	Bos taurus
SAMN09519610	Holstein	Bos taurus
SAMN09519630	Holstein	Bos taurus
SAMN09519631	Holstein	Bos taurus
SAMN09519615	Holstein	Bos taurus
SAMN09519622	Holstein	Bos taurus
SAMN09519614	Holstein	Bos taurus
SAMN09519634	Holstein	Bos taurus
SAMN09519619	Holstein	Bos taurus
SAMN09519625	Holstein	Bos taurus
SAMN09519633	Holstein	Bos taurus
SAMN02843168	Holstein	Bos taurus
SAMN02841117	Holstein	Bos taurus
SAMN02841118	Holstein	Bos taurus
SAMN02843156	Holstein	Bos taurus
SAMN02842701	Holstein	Bos taurus
SAMN02843157	Holstein	Bos taurus
SAMN02843158	Holstein	Bos taurus
SAMN02842711	Holstein	Bos taurus
SAMN02841109	Holstein	Bos taurus
SAMN02843160	Holstein	Bos taurus
SAMN02843139	Holstein	Bos taurus
SAMN02843161	Holstein	Bos taurus
SAMN02843162	Holstein	Bos taurus
SAMN02843169	Holstein	Bos taurus
SAMN02843124	Holstein	Bos taurus
SAMN02843163	Holstein	Bos taurus
SAMN02843125	Holstein	Bos taurus
SAMN02843120	Holstein	Bos taurus
SAMN02843154	Holstein	Bos taurus
SAMN02841119	Holstein	Bos taurus
SAMN02843170	Holstein	Bos taurus
SAMN09519627	Holstein	Bos taurus
SAMN09519605	Holstein	Bos taurus
SAMEA3682654	Holstein	Bos taurus
SAMEA19871668	Holstein	Bos taurus
SAMEA4644737	Holstein	Bos taurus
SAMEA3113485	Holstein	Bos taurus
SAMEA4644729	Holstein	Bos taurus
SAMEA4644732	Holstein	Bos taurus
SAMEA4644731	Holstein	Bos taurus
SAMEA19325668	Holstein	Bos taurus
SAMEA4644746	Holstein	Bos taurus
SAMEA4644736	Holstein	Bos taurus
SAMEA5159879	Holstein	Bos taurus
SAMEA4644753	Holstein	Bos taurus
SAMEA3682653	Holstein	Bos taurus
SAMEA4644738	Holstein	Bos taurus
SAMEA5159857	Holstein	Bos taurus
SAMEA4644748	Holstein	Bos taurus
SAMEA5159855	Holstein	Bos taurus
SAMEA19874668	Holstein	Bos taurus
SAMEA32990668	Holstein	Bos taurus
SAMEA5159859	Holstein	Bos taurus
SAMEA32992168	Holstein	Bos taurus
SAMEA5159860	Holstein	Bos taurus
SAMEA4644733	Holstein	Bos taurus
SAMEA4644761	Holstein	Bos taurus
SAMEA5714977	Holstein	Bos taurus
SAMEA5714978	Holstein	Bos taurus
SAMEA32983918	Holstein	Bos taurus
SAMN02842716	Holstein	Bos taurus
SAMN02843114	Holstein	Bos taurus
SAMEA33004168	Holstein	Bos taurus
SAMN02843126	Holstein	Bos taurus
SAMEA5159878	Holstein	Bos taurus
SAMEA33000418	Holstein	Bos taurus
SAMEA32983168	Holstein	Bos taurus
SAMEA32984668	Holstein	Bos taurus
SAMEA4644759	Holstein	Bos taurus
SAMEA4644751	Holstein	Bos taurus
SAMEA3706830	Holstein	Bos taurus
SAMN02843140	Holstein	Bos taurus
SAMN02843180	Holstein	Bos taurus
SAMN02843171	Holstein	Bos taurus
SAMN02843155	Holstein	Bos taurus
SAMN02843181	Holstein	Bos taurus
SAMN02843164	Holstein	Bos taurus
SAMN02843172	Holstein	Bos taurus
SAMN02843127	Holstein	Bos taurus
SAMN02843165	Holstein	Bos taurus
SAMEA5159880	Holstein	Bos taurus
SAMN02843173	Holstein	Bos taurus
SAMN02843174	Holstein	Bos taurus
SAMN02843175	Holstein	Bos taurus
SAMEA5159833	Holstein	Bos taurus
SAMN02843128	Holstein	Bos taurus
SAMEA32995918	Holstein	Bos taurus
SAMN09519613	Holstein	Bos taurus
SAMN09519612	Holstein	Bos taurus
SAMN09519632	Holstein	Bos taurus
SAMN09519629	Holstein	Bos taurus
SAMN09519620	Holstein	Bos taurus
SAMN09519611	Holstein	Bos taurus
SAMN09519609	Holstein	Bos taurus
SAMN09519606	Holstein	Bos taurus
SAMN09519603	Holstein	Bos taurus
SAMN02843129	Holstein	Bos taurus
SAMN02843176	Holstein	Bos taurus
SAMN02843166	Holstein	Bos taurus
SAMN02843182	Holstein	Bos taurus
SAMN02843110	Holstein	Bos taurus
SAMN02843130	Holstein	Bos taurus
SAMEA5159882	Holstein	Bos taurus
SAMN02843167	Holstein	Bos taurus
SAMEA5159881	Holstein	Bos taurus
SAMN02843177	Holstein	Bos taurus
SAMN02843178	Holstein	Bos taurus
SAMEA5159883	Holstein	Bos taurus
SAMEA4644767	Holstein	Bos taurus
SAMEA5160021	Holstein	Bos taurus
SAMEA4644726	Holstein	Bos taurus
SAMEA32986918	Holstein	Bos taurus
SAMEA32995168	Holstein	Bos taurus
SAMEA32996668	Holstein	Bos taurus
SAMN10598549	Holstein	Bos taurus
SAMN10598568	Holstein	Bos taurus
SAMEA5159856	Holstein	Bos taurus
SAMEA5159858	Holstein	Bos taurus
SAMEA4644747	Holstein	Bos taurus
SAMN02671482	Holstein	Bos taurus
SAMN02671596	Holstein	Bos taurus
SAMEA19311418	Holstein	Bos taurus
SAMEA19312168	Holstein	Bos taurus
SAMEA19316668	Holstein	Bos taurus
SAMEA19317418	Holstein	Bos taurus
SAMEA19318168	Holstein	Bos taurus
SAMEA19320418	Holstein	Bos taurus
SAMEA19321168	Holstein	Bos taurus
SAMEA19321918	Holstein	Bos taurus
SAMEA19322668	Holstein	Bos taurus
SAMEA19846918	Holstein	Bos taurus
SAMEA19851418	Holstein	Bos taurus
SAMEA19864168	Holstein	Bos taurus
SAMEA19865668	Holstein	Bos taurus
SAMEA19867168	Holstein	Bos taurus
SAMEA19876918	Holstein	Bos taurus
SAMEA4560543	Holstein	Bos taurus
SAMEA5415492	Holstein	Bos taurus
SAMEA5415494	Holstein	Bos taurus
SAMEA5415496	Holstein	Bos taurus
SAMEA5415500	Holstein	Bos taurus
SAMEA5415501	Holstein	Bos taurus
SAMEA5415502	Holstein	Bos taurus
SAMEA4560540	Holstein	Bos taurus
SAMEA5946758	Holstein	Bos taurus
SAMEA5946759	Holstein	Bos taurus
SAMEA4780233	Holstein x Freisian	Bos taurus
SAMEA4780234	Holstein x Freisian	Bos taurus
SAMEA4780235	Holstein x Freisian	Bos taurus
SAMEA4780236	Holstein x Freisian	Bos taurus
SAMEA4780237	Holstein x Freisian	Bos taurus
SAMEA4780238	Holstein x Freisian	Bos taurus
SAMEA4780239	Holstein x Freisian	Bos taurus
SAMEA4780240	Holstein x Freisian	Bos taurus
SAMEA4780241	Holstein x Freisian	Bos taurus
SAMEA4780242	Holstein x Freisian	Bos taurus
SAMEA4780243	Holstein x Freisian	Bos taurus
SAMEA4780244	Holstein x Freisian	Bos taurus
SAMEA4780245	Holstein x Freisian	Bos taurus
SAMEA4780246	Holstein x Freisian	Bos taurus
SAMEA4780247	Holstein x Freisian	Bos taurus
SAMEA4780248	Holstein x Freisian	Bos taurus
SAMEA4780249	Holstein x Freisian	Bos taurus
SAMEA4780250	Holstein x Freisian	Bos taurus
SAMEA4780251	Holstein x Freisian	Bos taurus
SAMEA4780252	Holstein x Freisian	Bos taurus
SAMEA4780253	Holstein x Freisian	Bos taurus
SAMEA4780254	Holstein x Freisian	Bos taurus
SAMEA4780255	Holstein x Freisian	Bos taurus
SAMEA4780256	Holstein x Freisian	Bos taurus
SAMEA4780257	Holstein x Freisian	Bos taurus
SAMEA4780258	Holstein x Freisian	Bos taurus
SAMEA4780259	Holstein x Freisian	Bos taurus
SAMEA4780260	Holstein x Freisian	Bos taurus
SAMEA4780262	Holstein x Freisian	Bos taurus
SAMEA4780263	Holstein x Freisian	Bos taurus
SAMEA4780264	Holstein x Freisian	Bos taurus
SAMEA4780265	Holstein x Freisian	Bos taurus
SAMEA4780266	Holstein x Freisian	Bos taurus
SAMEA4780267	Holstein x Freisian	Bos taurus
SAMEA4780268	Holstein x Freisian	Bos taurus
SAMEA4780269	Holstein x Freisian	Bos taurus
SAMEA4780270	Holstein x Freisian	Bos taurus
SAMEA4780271	Holstein x Freisian	Bos taurus
SAMEA4780272	Holstein x Freisian	Bos taurus
SAMEA4780273	Holstein x Freisian	Bos taurus
SAMEA4780274	Holstein x Freisian	Bos taurus
SAMEA4780275	Holstein x Freisian	Bos taurus
SAMEA4780276	Holstein x Freisian	Bos taurus
SAMEA4780277	Holstein x Freisian	Bos taurus
SAMEA4780278	Holstein x Freisian	Bos taurus
SAMEA4780279	Holstein x Freisian	Bos taurus
SAMEA4780280	Holstein x Freisian	Bos taurus
SAMEA4780281	Holstein x Freisian	Bos taurus
SAMEA4780282	Holstein x Freisian	Bos taurus
SAMEA4780283	Holstein x Freisian	Bos taurus
SAMEA4780284	Holstein x Freisian	Bos taurus
SAMEA4780285	Holstein x Freisian	Bos taurus
SAMEA4780286	Holstein x Freisian	Bos taurus
SAMEA4780288	Holstein x Freisian	Bos taurus
SAMEA4780289	Holstein x Freisian	Bos taurus
SAMEA4780290	Holstein x Freisian	Bos taurus
SAMEA4780291	Holstein x Freisian	Bos taurus
SAMEA4780292	Holstein x Freisian	Bos taurus
SAMEA4780293	Holstein x Freisian	Bos taurus
SAMEA4780295	Holstein x Freisian	Bos taurus
SAMEA4780296	Holstein x Freisian	Bos taurus
SAMEA4780297	Holstein x Freisian	Bos taurus
SAMEA4780298	Holstein x Freisian	Bos taurus
SAMEA4780299	Holstein x Freisian	Bos taurus
SAMEA4780300	Holstein x Freisian	Bos taurus
SAMEA4780301	Holstein x Freisian	Bos taurus
SAMEA4780302	Holstein x Freisian	Bos taurus
SAMEA4780303	Holstein x Freisian	Bos taurus
SAMEA4780305	Holstein x Freisian	Bos taurus
SAMEA4780306	Holstein x Freisian	Bos taurus
SAMEA4780307	Holstein x Freisian	Bos taurus
SAMEA4780308	Holstein x Freisian	Bos taurus
SAMEA4780309	Holstein x Freisian	Bos taurus
SAMEA4780310	Holstein x Freisian	Bos taurus
SAMEA4780311	Holstein x Freisian	Bos taurus
SAMEA4780312	Holstein x Freisian	Bos taurus
SAMEA4780313	Holstein x Freisian	Bos taurus
SAMEA4780314	Holstein x Freisian	Bos taurus
SAMEA4780315	Holstein x Freisian	Bos taurus
SAMEA4780317	Holstein x Freisian	Bos taurus
SAMEA4780318	Holstein x Freisian	Bos taurus
SAMEA4780319	Holstein x Freisian	Bos taurus
SAMEA4780320	Holstein x Freisian	Bos taurus
SAMN06282405	Holstein x Friesian	Bos taurus
SAMN06282409	Holstein x Friesian	Bos taurus
SAMN06282410	Holstein x Friesian	Bos taurus
SAMN06282411	Holstein x Friesian	Bos taurus
SAMN06282412	Holstein x Friesian	Bos taurus
SAMN06282413	Holstein x Friesian	Bos taurus
SAMN06282414	Holstein x Friesian	Bos taurus
SAMN06282434	Holstein x Friesian	Bos taurus
SAMN06282407	Holstein x Friesian	Bos taurus
SAMN06282408	Holstein x Friesian	Bos taurus
SAMN06282415	Holstein x Friesian	Bos taurus
SAMN06282416	Holstein x Friesian	Bos taurus
SAMN06282417	Holstein x Friesian	Bos taurus
SAMN06282418	Holstein x Friesian	Bos taurus
SAMN06282419	Holstein x Friesian	Bos taurus
SAMN06282420	Holstein x Friesian	Bos taurus
SAMN06282421	Holstein x Friesian	Bos taurus
SAMN06282422	Holstein x Friesian	Bos taurus
SAMN06282423	Holstein x Friesian	Bos taurus
SAMN06282424	Holstein x Friesian	Bos taurus
SAMN06282425	Holstein x Friesian	Bos taurus
SAMN06282426	Holstein x Friesian	Bos taurus
SAMN06282427	Holstein x Friesian	Bos taurus
SAMN06282428	Holstein x Friesian	Bos taurus
SAMN06282429	Holstein x Friesian	Bos taurus
SAMN06282430	Holstein x Friesian	Bos taurus
SAMN06282431	Holstein x Friesian	Bos taurus
SAMN06282432	Holstein x Friesian	Bos taurus
SAMN06282433	Holstein x Friesian	Bos taurus
SAMN06282435	Holstein x Friesian	Bos taurus
SAMN06282436	Holstein x Friesian	Bos taurus
SAMN10598550	Holstein x Hereford	Bos taurus
SAMN10598551	Holstein x Hereford	Bos taurus
SAMN10598552	Holstein x Hereford	Bos taurus
SAMN10598553	Holstein x Hereford	Bos taurus
SAMN10598554	Holstein x Hereford	Bos taurus
SAMN10598555	Holstein x Hereford	Bos taurus
SAMN10598571	Holstein x Hereford	Bos taurus
SAMN10598572	Holstein x Hereford	Bos taurus
SAMN10598575	Holstein x Hereford	Bos taurus
SAMN04978250	Jersey	Bos taurus
SAMN04978251	Jersey	Bos taurus
SAMN04978252	Jersey	Bos taurus
SAMN04978253	Jersey	Bos taurus
SAMN04978254	Jersey	Bos taurus
SAMN04978255	Jersey	Bos taurus
SAMN04978256	Jersey	Bos taurus
SAMN04978257	Jersey	Bos taurus
SAMN04978258	Jersey	Bos taurus
SAMN04978259	Jersey	Bos taurus
SAMN10131257	Kangayam	Bos indicus
SAMN04545570	Kenana	Bos indicus
SAMN04545571	Kenana	Bos indicus
SAMN04545573	Kenana	Bos indicus
SAMN04545574	Kenana	Bos indicus
SAMN04545575	Kenana	Bos indicus
SAMN04545576	Kenana	Bos indicus
SAMN04545577	Kenana	Bos indicus
SAMN04545578	Kenana	Bos indicus
SAMN04545579	Kenana	Bos indicus
SAMD00013963	Kuchinoshima	Bos taurus
SAMN09213443	La Reina	Bos taurus
SAMEA5159763	Limousin	Bos taurus
SAMEA32985418	Limousin	Bos taurus
SAMN02843095	Limousin	Bos taurus
SAMEA19867918	Limousin	Bos taurus
SAMN02843065	Maine Anjou	Bos taurus
SAMN02843100	Maine Anjou	Bos taurus
SAMN02843136	Maine Anjou	Bos taurus
SAMN02843137	Maine Anjou	Bos taurus
SAMN02843069	Maine Anjou	Bos taurus
SAMN02843138	Maine Anjou	Bos taurus
SAMN02843064	Maine Anjou	Bos taurus
SAMD00013606	Mishima	Bos taurus
SAMD00013607	Mishima	Bos taurus
SAMD00013608	Mishima	Bos taurus
SAMD00013609	Mishima	Bos taurus
SAMD00013610	Mishima	Bos taurus
SAMD00013611	Mishima	Bos taurus
SAMD00013612	Mishima	Bos taurus
SAMD00013613	Mishima	Bos taurus
SAMN04545560	NDama	Bos taurus
SAMN04545561	NDama	Bos taurus
SAMN04545562	NDama	Bos taurus
SAMN04545563	NDama	Bos taurus
SAMN04545564	NDama	Bos taurus
SAMN04545565	NDama	Bos taurus
SAMN04545566	NDama	Bos taurus
SAMN04545567	NDama	Bos taurus
SAMN04545568	NDama	Bos taurus
SAMN04545569	NDama	Bos taurus
SAMN10486398	Nelore	Bos indicus
SAMN10486399	Nelore	Bos indicus
SAMN10486400	Nelore	Bos indicus
SAMN10486401	Nelore	Bos indicus
SAMN01163918	Nelore	Bos taurus
SAMEA5064546	Nordic Red cattle	Bos taurus
SAMEA5064547	Nordic Red cattle	Bos taurus
SAMEA33001168	Normande	Bos taurus
SAMN04545538	Ogaden	Bos indicus
SAMN04545539	Ogaden	Bos indicus
SAMN04545534	Ogaden	Bos indicus
SAMN04545537	Ogaden	Bos indicus
SAMN04545533	Ogaden	Bos indicus
SAMN04545534	Ogaden	Bos indicus
SAMN04545537	Ogaden	Bos indicus
SAMN04545538	Ogaden	Bos indicus
SAMN04545539	Ogaden	Bos indicus
SAMN01915349	Piedmontese	Bos taurus
SAMN01915345	Piedmontese	Bos taurus
SAMN02941216	Piedmontese	Bos taurus
SAMN02941219	Piedmontese	Bos taurus
SAMN02941218	Piedmontese	Bos taurus
SAMN02941217	Piedmontese	Bos taurus
SAMN02941215	Piedmontese	Bos taurus
SAMEA5159836	Piemontese	Bos taurus
SAMEA19324918	Piemontese	Bos taurus
SAMEA33001918	Piemontese	Bos taurus
SAMN01915350	Red Angus	Bos taurus
SAMN02941207	Red Angus	Bos taurus
SAMN02843147	Red Angus	Bos taurus
SAMN02839613	Red Angus	Bos taurus
SAMN02843148	Red Angus	Bos taurus
SAMN02842702	Red Angus	Bos taurus
SAMN02839614	Red Angus	Bos taurus
SAMN02843149	Red Angus	Bos taurus
SAMN01915346	Red Angus	Bos taurus
SAMN02941209	Red Angus	Bos taurus
SAMEA32987668	Romagnola	Bos taurus
SAMEA32988418	Romagnola	Bos taurus
SAMEA32989168	Romagnola	Bos taurus
SAMEA2422242	Romagnola	Bos taurus
SAMEA19876168	Romagnola	Bos taurus
SAMEA946958	Sahiwal	Bos indicus
SAMN02941220	Salers	Bos taurus
SAMEA5714970	Scottish Highland	Bos taurus
SAMEA5159831	Scottish Highland	Bos taurus
SAMEA5159830	Scottish Highland	Bos taurus
SAMEA5159829	Scottish Highland	Bos taurus
SAMEA19849918	Scottish Highland	Bos taurus
SAMEA19873918	Scottish Highland	Bos taurus
SAMEA4644752	Shorthorn	Bos taurus
SAMN02941201	Simmental	Bos taurus
SAMN02941179	Simmental	Bos taurus
SAMN02941223	Simmental	Bos taurus
SAMN02941180	Simmental	Bos taurus
SAMN02941181	Simmental	Bos taurus
SAMN02941182	Simmental	Bos taurus
SAMN02941183	Simmental	Bos taurus
SAMN02941184	Simmental	Bos taurus
SAMN02941185	Simmental	Bos taurus
SAMN02941186	Simmental	Bos taurus
SAMN02941187	Simmental	Bos taurus
SAMN02941231	Simmental	Bos taurus
SAMEA19869418	Simmental	Bos taurus
SAMEA5160153	Simmental	Bos taurus
SAMEA19868668	Simmental	Bos taurus
SAMEA19870168	Simmental	Bos taurus
SAMEA4644744	Simmental	Bos taurus
SAMEA4644745	Simmental	Bos taurus
SAMEA5159876	Simmental	Bos taurus
SAMEA5159877	Simmental	Bos taurus
SAMEA33004918	Simmental	Bos taurus
SAMEA33669418	Simmental	Bos taurus
SAMN02941230	Simmental	Bos taurus
SAMN02941229	Simmental	Bos taurus
SAMN02941188	Simmental	Bos taurus
SAMN02941224	Simmental	Bos taurus
SAMN02941222	Simmental	Bos taurus
SAMN02941190	Simmental	Bos taurus
SAMN02941191	Simmental	Bos taurus
SAMN02941192	Simmental	Bos taurus
SAMN02941193	Simmental	Bos taurus
SAMN02941194	Simmental	Bos taurus
SAMN02941195	Simmental	Bos taurus
SAMN02941196	Simmental	Bos taurus
SAMN02941197	Simmental	Bos taurus
SAMN02941198	Simmental	Bos taurus
SAMN02941199	Simmental	Bos taurus
SAMN02941225	Simmental	Bos taurus
SAMN02941200	Simmental	Bos taurus
SAMN02941202	Simmental	Bos taurus
SAMEA19309168	Simmental	Bos taurus
SAMEA19309918	Simmental	Bos taurus
SAMEA19310668	Simmental	Bos taurus
SAMEA19852168	Simmental	Bos taurus
SAMEA19852918	Simmental	Bos taurus
SAMEA19853668	Simmental	Bos taurus
SAMEA19875418	Simmental	Bos taurus
SAMEA19877668	Simmental	Bos taurus
SAMEA5415499	Simmental	Bos taurus
SAMEA5564710	Simmental	Bos taurus
SAMEA5564711	Simmental	Bos taurus
SAMEA5564713	Simmental	Bos taurus
SAMEA5564714	Simmental	Bos taurus
SAMEA5564715	Simmental	Bos taurus
SAMEA5564717	Simmental	Bos taurus
SAMEA5564718	Simmental	Bos taurus
SAMEA5564719	Simmental	Bos taurus
SAMEA5564720	Simmental	Bos taurus
SAMEA5564721	Simmental	Bos taurus
SAMEA5564722	Simmental	Bos taurus
SAMEA5564724	Simmental	Bos taurus
SAMEA5564725	Simmental	Bos taurus
SAMEA5566449	Simmental	Bos taurus
SAMEA4560534	Simmental	Bos taurus
SAMEA5159762	Simmental x Holstein	Bos taurus
SAMN08242323	Tibetan	Bos taurus
SAMN08242327	Tibetan	Bos taurus
SAMN08242330	Tibetan	Bos taurus
SAMEA5159846	Tuxer	Bos taurus
SAMEA5159889	Tyrolean Grey	Bos taurus
SAMEA5716181	Tyrolean Grey	Bos taurus
SAMEA5159888	Tyrolean Grey	Bos taurus
SAMEA5714980	Tyrolean Grey	Bos taurus
SAMEA5159887	Tyrolean Grey	Bos taurus
SAMEA5714981	Tyrolean Grey	Bos taurus
SAMEA3682652	Tyrolean Grey	Bos taurus
SAMEA2357050	Tyrolean Grey	Bos taurus
SAMEA5564729	Tyrolean Grey	Bos taurus
SAMEA5564730	Tyrolean Grey	Bos taurus
SAMEA5564731	Tyrolean Grey	Bos taurus
SAMEA5564732	Tyrolean Grey	Bos taurus
SAMEA5564733	Tyrolean Grey	Bos taurus
SAMEA5564734	Tyrolean Grey	Bos taurus
SAMEA5564735	Tyrolean Grey	Bos taurus
SAMEA5564736	Tyrolean Grey	Bos taurus
SAMN10131258	Vechur	Bos indicus
SAMEA4827187	Western Fincattle	Bos taurus
SAMEA4827188	Western Fincattle	Bos taurus
SAMEA4827189	Western Fincattle	Bos taurus
SAMEA4827190	Western Fincattle	Bos taurus
SAMEA4827191	Western Fincattle	Bos taurus
SAMEA4827192	Yakutian cattle	Bos taurus
SAMEA4827193	Yakutian cattle	Bos taurus
SAMEA4827194	Yakutian cattle	Bos taurus
SAMEA4827195	Yakutian cattle	Bos taurus
SAMEA4827196	Yakutian cattle	Bos taurus
SAMN08242174	Zebu	Bos indicus
SAMN08242175	Zebu	Bos indicus
SAMN08242227	Zebu	Bos indicus
SAMN08242230	Zebu	Bos indicus
SAMN08242176	Zebu	Bos indicus
SAMN08242177	Zebu	Bos indicus
SAMN08242223	Zebu	Bos indicus
SAMN08242224	Zebu	Bos indicus
SAMN08242225	Zebu	Bos indicus
SAMN08242231	Zebu	Bos indicus
SAMN08242232	Zebu	Bos indicus
SAMN08242229	Zebu	Bos indicus